{"activityList":[{"summaryId":"3802646807","durationInSeconds":1678,"startTimeInSeconds":1562006057,"startTimeOffsetInSeconds":3600,"activityType":"CYCLING","averageBikeCadenceInRoundsPerMinute":77,"averageHeartRateInBeatsPerMinute":118,"averageSpeedInMetersPerSecond":5.96600000000000019184653865522705018520355224609375,"averagePaceInMinutesPerKilometer":2.793608400000000102636477095074951648712158203125,"activeKilocalories":230,"deviceName":"Edge 820","distanceInMeters":10011.639999999999417923390865325927734375,"maxBikeCadenceInRoundsPerMinute":97,"maxHeartRateInBeatsPerMinute":144,"maxPaceInMinutesPerKilometer":1.6930785999999999891230118009843863546848297119140625,"maxSpeedInMetersPerSecond":9.8439999999999994173549566767178475856781005859375,"startingLatitudeInDegree":51.51639369316399097442626953125,"startingLongitudeInDegree":-0.1020404510200023651123046875,"totalElevationGainInMeters":0.1700000000000000122124532708767219446599483489990234375,"totalElevationLossInMeters":0.2800000000000000266453525910037569701671600341796875,"cs_activity_id":"1281"},{"summaryId":"3800777038","durationInSeconds":2051,"startTimeInSeconds":1561962560,"startTimeOffsetInSeconds":3600,"activityType":"CYCLING","averageBikeCadenceInRoundsPerMinute":68,"averageHeartRateInBeatsPerMinute":112,"averageSpeedInMetersPerSecond":4.9489999999999998436805981327779591083526611328125,"averagePaceInMinutesPerKilometer":3.367683599999999888296997596626169979572296142578125,"activeKilocalories":229,"deviceName":"Edge 820","distanceInMeters":10151.760000000000218278728425502777099609375,"maxBikeCadenceInRoundsPerMinute":99,"maxHeartRateInBeatsPerMinute":133,"maxPaceInMinutesPerKilometer":1.6357508999999998966501379982219077646732330322265625,"maxSpeedInMetersPerSecond":10.18900000000000005684341886080801486968994140625,"startingLatitudeInDegree":51.47216943092644214630126953125,"startingLongitudeInDegree":-0.19596965052187442779541015625,"totalElevationGainInMeters":0.299999999999999988897769753748434595763683319091796875,"totalElevationLossInMeters":0.179999999999999993338661852249060757458209991455078125,"cs_activity_id":"1280"},{"summaryId":"3799398443","durationInSeconds":6441,"startTimeInSeconds":1561910679,"startTimeOffsetInSeconds":3600,"activityType":"INDOOR_CARDIO","averageHeartRateInBeatsPerMinute":106,"averageSpeedInMetersPerSecond":0,"activeKilocalories":483,"deviceName":"fenix 5X Plus","distanceInMeters":0,"maxHeartRateInBeatsPerMinute":145,"totalElevationGainInMeters":0,"totalElevationLossInMeters":0,"cs_activity_id":"1264"},{"summaryId":"3789845638","durationInSeconds":1802,"startTimeInSeconds":1561658822,"startTimeOffsetInSeconds":3600,"activityType":"CYCLING","averageBikeCadenceInRoundsPerMinute":75,"averageSpeedInMetersPerSecond":5.53699999999999992184029906638897955417633056640625,"averagePaceInMinutesPerKilometer":3.010053399999999879099732424947433173656463623046875,"activeKilocalories":215,"deviceName":"Edge 820","distanceInMeters":9979.170000000000072759576141834259033203125,"maxBikeCadenceInRoundsPerMinute":110,"maxPaceInMinutesPerKilometer":1.7442873999999999323762267522397451102733612060546875,"maxSpeedInMetersPerSecond":9.55499999999999971578290569595992565155029296875,"startingLatitudeInDegree":51.5163639374077320098876953125,"startingLongitudeInDegree":-0.1019445620477199554443359375,"totalElevationGainInMeters":0.14000000000000001332267629550187848508358001708984375,"totalElevationLossInMeters":0.2399999999999999911182158029987476766109466552734375,"cs_activity_id":"1279"},{"summaryId":"3789845273","durationInSeconds":2374,"startTimeInSeconds":1561616427,"startTimeOffsetInSeconds":3600,"activityType":"CYCLING","averageBikeCadenceInRoundsPerMinute":73,"averageHeartRateInBeatsPerMinute":128,"averageSpeedInMetersPerSecond":4.20600000000000040500935938325710594654083251953125,"averagePaceInMinutesPerKilometer":3.9625932999999999850615495233796536922454833984375,"activeKilocalories":248,"deviceName":"Edge 820","distanceInMeters":9985.440000000000509317032992839813232421875,"maxBikeCadenceInRoundsPerMinute":104,"maxHeartRateInBeatsPerMinute":156,"maxPaceInMinutesPerKilometer":2.02069190000000009632685760152526199817657470703125,"maxSpeedInMetersPerSecond":8.2479999999999993320898283855058252811431884765625,"startingLatitudeInDegree":51.4720836840569972991943359375,"startingLongitudeInDegree":-0.19610811956226825714111328125,"totalElevationGainInMeters":0.2600000000000000088817841970012523233890533447265625,"totalElevationLossInMeters":0.200000000000000011102230246251565404236316680908203125,"cs_activity_id":"1278"},{"summaryId":"3786599297","durationInSeconds":2127,"startTimeInSeconds":1561569770,"startTimeOffsetInSeconds":3600,"activityType":"CYCLING","averageBikeCadenceInRoundsPerMinute":70,"averageSpeedInMetersPerSecond":4.69399999999999995026200849679298698902130126953125,"averagePaceInMinutesPerKilometer":3.55063219999999990506012181867845356464385986328125,"activeKilocalories":196,"deviceName":"Edge 820","distanceInMeters":9984.510000000000218278728425502777099609375,"maxBikeCadenceInRoundsPerMinute":99,"maxPaceInMinutesPerKilometer":1.802386400000000055143800636869855225086212158203125,"maxSpeedInMetersPerSecond":9.2469999999999998863131622783839702606201171875,"startingLatitudeInDegree":51.5162539668381214141845703125,"startingLongitudeInDegree":-0.1017723977565765380859375,"totalElevationGainInMeters":0.190000000000000002220446049250313080847263336181640625,"totalElevationLossInMeters":0.309999999999999997779553950749686919152736663818359375,"cs_activity_id":"1277"},{"summaryId":"3784979285","durationInSeconds":2225,"startTimeInSeconds":1561530400,"startTimeOffsetInSeconds":3600,"activityType":"CYCLING","averageBikeCadenceInRoundsPerMinute":66,"averageSpeedInMetersPerSecond":4.53300000000000036237679523765109479427337646484375,"averagePaceInMinutesPerKilometer":3.67674099999999981491782818920910358428955078125,"activeKilocalories":218,"deviceName":"Edge 820","distanceInMeters":10088.190000000000509317032992839813232421875,"maxBikeCadenceInRoundsPerMinute":97,"maxPaceInMinutesPerKilometer":1.952057500000000000994759830064140260219573974609375,"maxSpeedInMetersPerSecond":8.538000000000000255795384873636066913604736328125,"startingLatitudeInDegree":51.4723327942192554473876953125,"startingLongitudeInDegree":-0.196509025990962982177734375,"totalElevationGainInMeters":0.2800000000000000266453525910037569701671600341796875,"totalElevationLossInMeters":0.190000000000000002220446049250313080847263336181640625,"cs_activity_id":"1276"},{"summaryId":"3783527706","durationInSeconds":1754,"startTimeInSeconds":1561486855,"startTimeOffsetInSeconds":3600,"activityType":"CYCLING","averageBikeCadenceInRoundsPerMinute":72,"averageHeartRateInBeatsPerMinute":121,"averageSpeedInMetersPerSecond":5.7140000000000004121147867408581078052520751953125,"averagePaceInMinutesPerKilometer":2.916812399999999971811348586925305426120758056640625,"activeKilocalories":190,"deviceName":"Edge 820","distanceInMeters":10022.100000000000363797880709171295166015625,"maxBikeCadenceInRoundsPerMinute":97,"maxHeartRateInBeatsPerMinute":143,"maxPaceInMinutesPerKilometer":1.7898053000000000434255298387142829596996307373046875,"maxSpeedInMetersPerSecond":9.3119999999999993889332472463138401508331298828125,"startingLatitudeInDegree":51.51653350330889225006103515625,"startingLongitudeInDegree":-0.10172721929848194122314453125,"totalElevationGainInMeters":0.1499999999999999944488848768742172978818416595458984375,"totalElevationLossInMeters":0.299999999999999988897769753748434595763683319091796875,"cs_activity_id":"1289"},{"summaryId":"3781655729","durationInSeconds":1950,"startTimeInSeconds":1561443815,"startTimeOffsetInSeconds":3600,"activityType":"CYCLING","averageBikeCadenceInRoundsPerMinute":65,"averageHeartRateInBeatsPerMinute":136,"averageSpeedInMetersPerSecond":5.0999999999999996447286321199499070644378662109375,