{"activityList":[{"summaryId":"3678347096","durationInSeconds":2073,"startTimeInSeconds":1558679224,"startTimeOffsetInSeconds":3600,"activityType":"CYCLING","averageBikeCadenceInRoundsPerMinute":68,"averageSpeedInMetersPerSecond":5.0160000000000000142108547152020037174224853515625,"averagePaceInMinutesPerKilometer":3.322700999999999904588321442133747041225433349609375,"activeKilocalories":233,"deviceName":"Edge 820","distanceInMeters":10402.54999999999927240423858165740966796875,"maxBikeCadenceInRoundsPerMinute":95,"maxPaceInMinutesPerKilometer":1.8743440000000000100754959930782206356525421142578125,"maxSpeedInMetersPerSecond":8.891999999999999459987520822323858737945556640625,"startingLatitudeInDegree":51.47192099131643772125244140625,"startingLongitudeInDegree":-0.195997059345245361328125,"totalElevationGainInMeters":0.289999999999999980015985556747182272374629974365234375,"totalElevationLossInMeters":0.1499999999999999944488848768742172978818416595458984375,"cs_activity_id":"1241"},{"summaryId":"3676976277","durationInSeconds":2066,"startTimeInSeconds":1558633594,"startTimeOffsetInSeconds":3600,"activityType":"CYCLING","averageBikeCadenceInRoundsPerMinute":68,"averageSpeedInMetersPerSecond":4.69500000000000028421709430404007434844970703125,"averagePaceInMinutesPerKilometer":3.549875699999999856260046726674772799015045166015625,"activeKilocalories":203,"deviceName":"Edge 820","distanceInMeters":9699.5400000000008731149137020111083984375,"maxBikeCadenceInRoundsPerMinute":88,"maxPaceInMinutesPerKilometer":2.06270620000000004523599272943101823329925537109375,"maxSpeedInMetersPerSecond":8.0800000000000000710542735760100185871124267578125,"startingLatitudeInDegree":51.5142595767974853515625,"startingLongitudeInDegree":-0.1066887192428112030029296875,"totalElevationGainInMeters":0.190000000000000002220446049250313080847263336181640625,"totalElevationLossInMeters":0.2600000000000000088817841970012523233890533447265625,"cs_activity_id":"1227"},{"summaryId":"3675343924","durationInSeconds":2309,"startTimeInSeconds":1558597005,"startTimeOffsetInSeconds":3600,"activityType":"CYCLING","averageBikeCadenceInRoundsPerMinute":64,"averageHeartRateInBeatsPerMinute":123,"averageSpeedInMetersPerSecond":4.40299999999999958077978590154089033603668212890625,"averagePaceInMinutesPerKilometer":3.785297900000000215214868148905225098133087158203125,"activeKilocalories":212,"deviceName":"Edge 820","distanceInMeters":10168.5,"maxBikeCadenceInRoundsPerMinute":99,"maxHeartRateInBeatsPerMinute":151,"maxPaceInMinutesPerKilometer":1.7988844999999999973994135871180333197116851806640625,"maxSpeedInMetersPerSecond":9.2650000000000005684341886080801486968994140625,"startingLatitudeInDegree":51.475477181375026702880859375,"startingLongitudeInDegree":-0.19799253903329372406005859375,"totalElevationGainInMeters":0.2399999999999999911182158029987476766109466552734375,"totalElevationLossInMeters":0.1700000000000000122124532708767219446599483489990234375,"cs_activity_id":"1226"},{"summaryId":"3674145278","durationInSeconds":3023,"startTimeInSeconds":1558551989,"startTimeOffsetInSeconds":3600,"activityType":"INDOOR_CARDIO","averageHeartRateInBeatsPerMinute":123,"averageSpeedInMetersPerSecond":0,"activeKilocalories":346,"deviceName":"fenix 5X Plus","distanceInMeters":0,"maxHeartRateInBeatsPerMinute":166,"totalElevationGainInMeters":0,"totalElevationLossInMeters":0,"cs_activity_id":"1237"},{"summaryId":"3673767094","durationInSeconds":2289,"startTimeInSeconds":1558546742,"startTimeOffsetInSeconds":3600,"activityType":"CYCLING","averageBikeCadenceInRoundsPerMinute":67,"averageSpeedInMetersPerSecond":4.4909999999999996589394868351519107818603515625,"averagePaceInMinutesPerKilometer":3.71112559999999991333652360481210052967071533203125,"activeKilocalories":202,"deviceName":"Edge 820","distanceInMeters":10281.27000000000043655745685100555419921875,"maxBikeCadenceInRoundsPerMinute":83,"maxPaceInMinutesPerKilometer":2.20254610000000017322463463642634451389312744140625,"maxSpeedInMetersPerSecond":7.56700000000000017053025658242404460906982421875,"startingLatitudeInDegree":51.5165020711719989776611328125,"startingLongitudeInDegree":-0.10215285234153270721435546875,"totalElevationGainInMeters":0.190000000000000002220446049250313080847263336181640625,"totalElevationLossInMeters":0.320000000000000006661338147750939242541790008544921875,"cs_activity_id":"1236"},{"summaryId":"3668777546","durationInSeconds":2216,"startTimeInSeconds":1558419718,"startTimeOffsetInSeconds":3600,"activityType":"CYCLING","averageBikeCadenceInRoundsPerMinute":66,"averageSpeedInMetersPerSecond":4.68499999999999960920149533194489777088165283203125,"averagePaceInMinutesPerKilometer":3.557453000000000198355110114789567887783050537109375,"activeKilocalories":233,"deviceName":"Edge 820","distanceInMeters":10384.7099999999991268850862979888916015625,"maxBikeCadenceInRoundsPerMinute":100,"maxPaceInMinutesPerKilometer":1.71750470000000010628582458593882620334625244140625,"maxSpeedInMetersPerSecond":9.70400000000000062527760746888816356658935546875,"startingLatitudeInDegree":51.472122408449649810791015625,"startingLongitudeInDegree":-0.19605363719165325164794921875,"totalElevationGainInMeters":0.2800000000000000266453525910037569701671600341796875,"totalElevationLossInMeters":0.2099999999999999922284388276239042170345783233642578125,"cs_activity_id":"1211"},{"summaryId":"3647218751","durationInSeconds":467,"startTimeInSeconds":1557827333,"startTimeOffsetInSeconds":-14400,"activityType":"RUNNING","averageHeartRateInBeatsPerMinute":162,"averageRunCadenceInStepsPerMinute":148.7968799999999873762135393917560577392578125,"averageSpeedInMetersPerSecond":3.31899999999999995026200849679298698902130126953125,"averagePaceInMinutesPerKilometer":5.02159300000000019537083062459714710712432861328125,"activeKilocalories":97,"deviceName":"fenix 5X Plus","distanceInMeters":1551.009999999999990905052982270717620849609375,"maxHeartRateInBeatsPerMinute":174,"maxPaceInMinutesPerKilometer":4.7254515000000001379021341563202440738677978515625,"maxRunCadenceInStepsPerMinute":172,"maxSpeedInMetersPerSecond":3.52700000000000013500311979441903531551361083984375,"startingLatitudeInDegree":40.7658432237803936004638671875,"startingLongitudeInDegree":-73.9764731191098690032958984375,"steps":1156,"totalElevationGainInMeters":0.0299999999999999988897769753748434595763683319091796875,"totalElevationLossInMeters":0.0299999999999999988897769753748434595763683319091796875,"cs_activity_id":"1262"},{"summaryId":"3647203827","durationInSeconds":2077,"startTimeInSeconds":1557825230,"startTimeOffsetInSeconds":-14400,"activityType":"RUNNING","averageHeartRateInBeatsPerMinute":164,"averageRunCadenceInStepsPerMinute":167.2343799999999873762135393917560577392578125,"averageSpeedInMetersPerSecond":3.471999999999999975131004248396493494510650634765625,"averagePaceInMinutesPerKilometer":4.8003073000000000547515810467302799224853515625,"activeKilocalories":429,"deviceName":"fenix 5X Plus","distanceInMeters":7214.22999999999956344254314899444580078125,"maxHeartRateInBeatsPerMinute":184,"maxPaceInMinutesPerKilometer":3.883193700000000081473672253196127712726593017578125,"maxRunCadenceInStepsPerMinute":172,"maxSpeedInMetersPerSecond":4.2919999999999998152588887023739516735076904296875,"startingLatitudeInDegree":40.76548330485820770263671875,"startingLongitudeInDegree":-73.97623113356530666351318359375,"steps":5816,"totalElevationGainInMeters":0.429999999999999993338661852249060757458209991455078125,"totalElevationLossInMeters":0.440000000000000002220446049250313080847263336181640625,"cs_activity_id":"1261"},{"summaryId":"3647140396","durationInSeconds":483,"startTimeInSeconds":1557824697,"startTimeOffsetInSeconds":-14400,"activityType":"RUNNING","averageHeartRateInBeatsPerMinute":142,"averageRunCadenceInStepsPerMinute":162.1093799999999873762135393917560577392578125,"averageSpeedInMetersPerSecond":2.65899999999999980815346134477294981479644775390625,