{"activityList":[{"summaryId":"3858549898","durationInSeconds":1939,"startTimeInSeconds":1563470227,"startTimeOffsetInSeconds":3600,"activityType":"CYCLING","averageBikeCadenceInRoundsPerMinute":66,"averageSpeedInMetersPerSecond":5.1470000000000002415845301584340631961822509765625,"averagePaceInMinutesPerKilometer":3.23813249999999985817566994228400290012359619140625,"activeKilocalories":186,"deviceName":"edge820","distanceInMeters":9984.0699999999997089616954326629638671875,"maxBikeCadenceInRoundsPerMinute":94,"maxPaceInMinutesPerKilometer":1.7898053000000000434255298387142829596996307373046875,"maxSpeedInMetersPerSecond":9.3119999999999993889332472463138401508331298828125,"startingLatitudeInDegree":51.5165647678077220916748046875,"startingLongitudeInDegree":-0.101685225963592529296875,"totalElevationGainInMeters":16,"totalElevationLossInMeters":32,"cs_activity_id":"1306"},{"summaryId":"3856801172","durationInSeconds":2090,"startTimeInSeconds":1563430973,"startTimeOffsetInSeconds":3600,"activityType":"CYCLING","averageBikeCadenceInRoundsPerMinute":61,"averageSpeedInMetersPerSecond":4.78099999999999969446662362315692007541656494140625,"averagePaceInMinutesPerKilometer":3.48602100000000003632294465205632150173187255859375,"activeKilocalories":176,"deviceName":"edge820","distanceInMeters":9994.139999999999417923390865325927734375,"maxBikeCadenceInRoundsPerMinute":84,"maxPaceInMinutesPerKilometer":1.756419699999999917139348326600156724452972412109375,"maxSpeedInMetersPerSecond":9.489000000000000767386154620908200740814208984375,"startingLatitudeInDegree":51.472277976572513580322265625,"startingLongitudeInDegree":-0.19613695330917835235595703125,"totalElevationGainInMeters":29,"totalElevationLossInMeters":16,"cs_activity_id":"1305"},{"summaryId":"3855720407","durationInSeconds":3705,"startTimeInSeconds":1563389936,"startTimeOffsetInSeconds":3600,"activityType":"INDOOR_CARDIO","averageHeartRateInBeatsPerMinute":123,"activeKilocalories":383,"deviceName":"fenix5x+","maxHeartRateInBeatsPerMinute":157,"cs_activity_id":"1304"},{"summaryId":"3855400590","durationInSeconds":2001,"startTimeInSeconds":1563385438,"startTimeOffsetInSeconds":3600,"activityType":"CYCLING","averageBikeCadenceInRoundsPerMinute":68,"averageSpeedInMetersPerSecond":5.02099999999999990762944435118697583675384521484375,"averagePaceInMinutesPerKilometer":3.319392000000000120252252600039355456829071044921875,"activeKilocalories":199,"deviceName":"edge820","distanceInMeters":10049.329999999999927240423858165740966796875,"maxBikeCadenceInRoundsPerMinute":90,"maxPaceInMinutesPerKilometer":2.032024900000000133815092340228147804737091064453125,"maxSpeedInMetersPerSecond":8.2019999999999999573674358543939888477325439453125,"startingLatitudeInDegree":51.51631590910255908966064453125,"startingLongitudeInDegree":-0.10195017792284488677978515625,"totalElevationGainInMeters":21,"totalElevationLossInMeters":29,"cs_activity_id":"1303"},{"summaryId":"3851783991","durationInSeconds":2955,"startTimeInSeconds":1563297867,"startTimeOffsetInSeconds":3600,"activityType":"RUNNING","averageHeartRateInBeatsPerMinute":168,"averageRunCadenceInStepsPerMinute":80,"averageSpeedInMetersPerSecond":3.0510000000000001563194018672220408916473388671875,"averagePaceInMinutesPerKilometer":5.4626894000000003615014065871946513652801513671875,"activeKilocalories":616,"deviceName":"fenix5x+","distanceInMeters":9015.20000000000072759576141834259033203125,"maxHeartRateInBeatsPerMinute":184,"maxPaceInMinutesPerKilometer":3.697951300000000163237245942582376301288604736328125,"maxRunCadenceInStepsPerMinute":124,"maxSpeedInMetersPerSecond":4.5069999999999996731503415503539144992828369140625,"startingLatitudeInDegree":51.5157537348568439483642578125,"startingLongitudeInDegree":-0.09983894415199756622314453125,"steps":7896,"totalElevationGainInMeters":10,"totalElevationLossInMeters":24,"cs_activity_id":"1302"},{"summaryId":"3849764905","durationInSeconds":1874,"startTimeInSeconds":1563258124,"startTimeOffsetInSeconds":3600,"activityType":"CYCLING","averageBikeCadenceInRoundsPerMinute":68,"averageHeartRateInBeatsPerMinute":122,"averageSpeedInMetersPerSecond":5.291000000000000369482222595252096652984619140625,"averagePaceInMinutesPerKilometer":3.150003200000000003200284481863491237163543701171875,"activeKilocalories":215,"deviceName":"edge820","distanceInMeters":9919.9300000000002910383045673370361328125,"maxBikeCadenceInRoundsPerMinute":99,"maxHeartRateInBeatsPerMinute":146,"maxPaceInMinutesPerKilometer":1.7190993000000001078575451174401678144931793212890625,"maxSpeedInMetersPerSecond":9.69500000000000028421709430404007434844970703125,"startingLatitudeInDegree":51.47200581617653369903564453125,"startingLongitudeInDegree":-0.19621071405708789825439453125,"totalElevationGainInMeters":26,"totalElevationLossInMeters":17,"cs_activity_id":"1301"},{"summaryId":"3848328390","durationInSeconds":1893,"startTimeInSeconds":1563212714,"startTimeOffsetInSeconds":3600,"activityType":"CYCLING","averageBikeCadenceInRoundsPerMinute":72,"averageHeartRateInBeatsPerMinute":105,"averageSpeedInMetersPerSecond":5.31299999999999972288833305356092751026153564453125,"averagePaceInMinutesPerKilometer":3.13695959999999995915231920662336051464080810546875,"activeKilocalories":206,"deviceName":"edge820","distanceInMeters":10057.940000000000509317032992839813232421875,"maxBikeCadenceInRoundsPerMinute":99,"maxHeartRateInBeatsPerMinute":145,"maxPaceInMinutesPerKilometer":1.573811800000000094001961770118214190006256103515625,"maxSpeedInMetersPerSecond":10.589999999999999857891452847979962825775146484375,"startingLatitudeInDegree":51.5163508616387844085693359375,"startingLongitudeInDegree":-0.101924277842044830322265625,"totalElevationGainInMeters":19,"totalElevationLossInMeters":28,"cs_activity_id":"1300"},{"summaryId":"3846541343","durationInSeconds":1839,"startTimeInSeconds":1563171877,"startTimeOffsetInSeconds":3600,"activityType":"CYCLING","averageBikeCadenceInRoundsPerMinute":73,"averageHeartRateInBeatsPerMinute":126,"averageSpeedInMetersPerSecond":5.31400000000000005684341886080801486968994140625,"averagePaceInMinutesPerKilometer":3.13636949999999981031351126148365437984466552734375,"activeKilocalories":212,"deviceName":"edge820","distanceInMeters":9776.0400000000008731149137020111083984375,"maxBikeCadenceInRoundsPerMinute":98,"maxHeartRateInBeatsPerMinute":159,"maxPaceInMinutesPerKilometer":1.7898053000000000434255298387142829596996307373046875,"maxSpeedInMetersPerSecond":9.3119999999999993889332472463138401508331298828125,"startingLatitudeInDegree":51.47169183008372783660888671875,"startingLongitudeInDegree":-0.19590728916227817535400390625,"totalElevationGainInMeters":23,"totalElevationLossInMeters":15,"cs_activity_id":"1299"},{"summaryId":"3839667339","durationInSeconds":3452,"startTimeInSeconds":1563002457,"startTimeOffsetInSeconds":7200,"activityType":"RUNNING","averageHeartRateInBeatsPerMinute":163,"averageRunCadenceInStepsPerMinute":71,"averageSpeedInMetersPerSecond":2.2019999999999999573674358543939888477325439453125,"averagePaceInMinutesPerKilometer":7.56887699999999963296204441576264798641204833984375,"activeKilocalories":636,"deviceName":"fenix5x+","distanceInMeters":7603.6199999999998908606357872486114501953125,"maxHeartRateInBeatsPerMinute":190,"maxPaceInMinutesPerKilometer":3.9169605000000000671889210934750735759735107421875,"maxRunCadenceInStepsPerMinute":94,"maxSpeedInMetersPerSecond":4.25499999999999989341858963598497211933135986328125,"startingLatitudeInDegree":43.7169353105127811431884765625,"startingLongitudeInDegree":7.057130299508571624755859375,"steps":8260,"totalElevationGainInMeters":375,"totalElevationLossInMeters":378,"cs_activity_id":"1298"},{"summaryId":"3837739056","durationInSeconds":2836,"startTimeInSeconds":1562940646,"startTimeOffsetInSeconds":7200,"activityType":"INDOOR_CARDIO","averageHeartRateInBeatsPerMinute":114,"activeKilocalories":259,"deviceName":"fenix5x+","maxHeartRateInBeatsPerMinute":143,